"","Kruskal","Valor P","Kruskal(S7)","Valor p (S7)","Kruskal(3)","Valor p (S3)"
"Procesa",0.142645247453158,0.999942675403898,0.17139912365481,0.999901614633134,0.82106527238384,0.991496915184944
"Ordenamiento",224.058754665379,1.41790221371471e-45,182.758117733645,1.37823123763504e-37,6.63893149771714,0.0361721516060438
