,tiempo,n
p,0.159999847,50
p,0.143399954,50
p,0.109201193,50
p,0.093599796,50
p,0.078000069,50
p,0.310604095,100
p,0.374211073,100
p,0.218400002,100
p,0.141400814,100
p,0.109200001,100
p,1.968405008,500
p,0.328601122,500
p,0.297399998,500
p,0.327600956,500
p,0.352611065,500
p,2.925111055,1000
p,0.597033978,1000
p,0.622035027,1000
p,0.653234959,1000
p,0.605026007,1000
