,tiempo,n
s,11.14863706,50
s,2.411137819,50
s,0,50
s,0,50
s,0,50
s,41.99940205,100
s,12.70272613,100
s,2.601149082,100
s,0,100
s,0,100
s,15.35727838,500
s,2.389169983,500
s,38.55320501,500
s,15.70289803,500
s,0,500
s,1.102998643,1000
s,9.415438533,1000
s,1.858973002,1000
s,40.95534205,1000
s,0,1000
