,Kruskal,Valor p
n,359.2217644,0.00
k,280.4197642,0.00
