"","Kruskal","Valor p"
"n",103.949728328783,7.76478703685785e-21
"k",61.9242897900105,3.57529041178138e-14
"Distri",221.939337396475,6.40449993711961e-49
