,n,k,Admini,Tiempo
1,3.00E+05,10000,P,4.816274881
2,450000,15000,P,9.508543968
3,9.00E+05,30000,P,32.49885893
4,2700000,90000,P,301.774261
