,n,k,Admini,Tiempo
1,3.00E+05,10000,S,4.687823057
2,450000,15000,S,8.919819117
3,9.00E+05,30000,S,29.98625803
4,2700000,90000,S,270.432889
